1,2,3,4,5,6,7,8,9,10,11,12,13,14,15,16,17,18,19,20,21,22,23,24,25,26,27,28,29,30,31,32,33,34,35,36,37,38,39,40,41,42,43,44,45,46,47,48,49,50,51,52,53,54,55,56,57,58,59,60,61,62,63,64,65,66,67,68,69,70,71,72,73,74,75,76,77,78,79,80,81,82,83,84,85,86,87,88,89,90,91,92,93,94,95,96,97,98,99,100,Time,total
-6.87558,-6.363735,29.418405,9.414224,-11.8565,-27.839233,-50,-50,47.91666665,7.9445,25.6687966,-17.95977,-50,-13.3971,9.09168195,-12.690982,9.09466095,-5.8779275,-5.93609955,-50,46.3414634,47.91666665,31.8481165,-50,29.3560605,-8.177185,-50,-50,47.91666665,47.91666665,25.815,9.2478205,6.6559855,-5.5724615,-50,47.91666665,12.0732255,17.174615,9.072,47.91666665,47.91666665,-50,47.91666665,47.91666665,47.91666665,47.91666665,-9.05797,47.91666665,47.1947155,-42.741465,-9.3390805,-50,47.91666665,-6.643907,-8.8276835,-5.8077134,45.73125,-50,8.1728985,6.343183,47.1947155,6.6287879,-8.571963,-17.95977,22.7182895,47.1947155,-50,-43.76755,40.885795,41.42992425,42.2598285,44.921875,47.13114755,32.111,47.6091476,47.91666665,-17.57,6.329085,9.074968,-50,-13.89646775,9.4935885,-50,14.457865,26.112381,-6.9479978,47.7923755,-9.4772255,-7.4825984,-50,-12.7426735,47.3676745,-8.8276835,5.00E-07,8.82664375,47.7460915,-7.462,-50,25.6687966,47.91666665,0:30:00,607.6929759
-5.1899237,36.92091334,28.49122282,8.26497582,15.91460808,-12.08967668,-39.97079564,-40,40.02175995,8.77008741,23.72199053,34.10645889,-39.19400034,-4.21067811,7.15496625,-4.39640576,7.95678418,-34.60941832,-34.23441702,-39.92355164,38.54799154,40.06989636,34.85714926,-38.8077401,8.02512271,35.75850054,-39.39400239,-38.85449567,40.60294486,39.18386466,-8.76908149,7.76340506,6.67119951,-4.16630802,-40,34.30862917,35.80273947,15.58538392,9.78202292,39.86345975,39.19819111,-38.98635287,39.66539243,39.78200078,39.30198733,39.89954342,37.53000638,39.18353178,38.87624423,-15.20078233,12.84683438,-38.96081757,39.19561759,-29.94445599,-33.57623991,-4.42572696,37.14639122,-39.15688087,6.33392368,19.38160302,39.62458103,14.99146253,-37.4102107,-14.25894525,18.25115259,34.66805567,-16.25056024,-16.00597222,4.28958366,34.3910466,35.03254881,38.18658276,17.9609115,-28.67269251,39.36292859,39.8442672,-6.00766931,14.31095526,7.69228853,-38.8291196,26.05961716,29.81528155,-39.01305029,45.24148662,36.09977888,-8.19641865,12.78450083,14.01347085,-3.80230413,-39.83524621,-3.88385804,5.73180018,-33.6408685,0.96343707,9.05498377,38.27223653,-13.52868725,-39.03885192,23.72199053,39.19561783,1:00:00,683.6117047
-11.48055759,38.03670485,36.92340548,11.00240274,22.80927328,-15.85976771,39.4736488,39.44444444,40.29953771,7.16834535,27.90032253,21.92142449,40.2504441,-33.15190171,13.09532511,-10.98737802,11.06979804,-19.76396823,-14.45409168,39.5208928,37.97326702,40.34767412,36.6176857,40.63670434,9.26099767,38.35233614,40.05044205,40.58994877,40.88072262,39.46164242,-17.87022674,10.07352918,7.59915991,-31.55663065,39.44444444,38.02033557,7.46058067,36.91921621,34.4157114,40.14123751,-39.96847557,40.45809157,39.94317019,40.05977854,39.57976509,-39.26712326,38.13437758,-39.9831349,34.69441959,-8.75461433,10.02128038,40.48362687,14.99143571,-32.9574367,-33.37251591,-35.40978079,39.59672038,40.28756357,6.6381126,-14.66741635,40.26334559,16.09896761,-37.97891825,-8.95540925,19.70337487,31.85245972,-10.46240424,-10.21781622,-21.44395588,32.04486776,36.87823067,0.28312516,31.7711895,-5.71841376,39.20528179,40.12204496,-7.69642931,22.91571966,11.24401868,40.61532484,15.72932263,33.91244355,40.43139415,22.2947207,15.15804348,-16.4045569,9.9640709,29.52531725,-11.50818067,39.60919823,-10.47017044,9.79665692,-33.4371445,0.96343707,-5.08050143,38.15114733,13.31647829,40.40559252,27.90032253,14.99162008,1:30:00,1488.318743
-8.76313909,39.28024273,30.14136,-18.21419019,16.95518292,-8.25216348,-39.97079564,-40,40.43842659,10.31763272,28.78280293,32.18547489,-39.19400034,-24.46118971,-3.35298144,-22.36277047,-18.06924668,-4.40008351,12.03261061,-39.92355164,38.47528078,40.486563,37.0518957,-38.8077401,10.06168095,35.91303739,-39.39400239,-38.85449567,41.0196115,37.05068121,-7.98408874,-28.8623164,7.91858211,-28.75621344,-40,37.50129369,33.87560427,28.48993728,20.18310596,40.28012639,39.61485775,-38.98635287,40.08205907,40.19866742,39.71865397,40.31621006,38.16536862,39.60019842,34.87868039,-6.00393964,10.48345238,-38.96081757,38.29014887,-17.3690043,-1.89898154,-36.31957021,38.64731533,-39.15688087,6.78277688,-13.21234427,40.19974279,14.39386346,-30.45915019,-6.19122379,23.27539487,35.78221035,-7.94264424,-7.69805622,0.17146395,32.7264654,38.40760027,39.21778716,34.5328651,37.35081189,39.82736579,40.26093384,-7.67792011,20.57005921,-23.6703191,-38.8291196,25.40236731,30.90268835,-39.01305029,17.39109312,32.0057875,-3.26838145,13.62165121,38.58973205,34.28248923,-39.83524621,-18.37647801,27.89564179,-24.7464325,0.96343707,-6.39660186,39.32765891,-5.02750927,-39.03885192,28.78280293,38.29015528,2:00:00,769.6897467
-19.27682238,40.05971402,28.87414909,7.65008151,16.98471828,-6.85692628,39.69587104,-40,40.52175995,7.82650518,28.96243081,23.13886689,40.47266634,-21.72990171,8.82877037,-17.0182089,7.60895198,22.91899898,8.11670438,-39.92355164,38.78199862,40.56989636,37.5342785,-38.8077401,9.72706815,36.79614406,-39.39400239,-38.85449567,41.10294486,38.10208358,-9.41010019,6.50088899,34.69166856,-28.47399962,-40,38.07631997,36.14595027,5.97334285,26.70714901,40.36345975,39.69819111,-38.98635287,40.16539243,40.28200078,39.80198733,40.39954342,38.21760934,39.68353178,34.99627559,-4.72024364,9.61686078,-21.64881757,38.40884415,-8.16966657,-6.43831591,1.69164695,39.45224013,40.50978581,6.86992472,-2.16523442,40.31249943,13.30028605,-25.95696535,-9.92557725,20.70829727,36.69177275,-5.89892824,-5.65434022,-4.90568206,32.95772401,38.31582667,-6.45031924,35.29291906,17.56364566,39.57144539,-39.32239948,-6.61117051,18.15811841,6.93143757,40.83754708,25.81662211,37.91718035,40.65361639,-30.46158075,15.74679605,-13.03304642,11.66415914,38.62274605,22.41848433,39.83142047,-6.38035695,16.13288621,-33.2207005,0.96343707,-3.95652463,37.99412613,-29.4750162,-39.03885192,28.96243081,38.40883975,2:30:00,1216.135641
-2.03079345,40.36676438,19.1111872,8.04987585,16.78271596,-18.67113881,39.77142676,39.7422224,40.59731567,19.20356475,29.43799617,23.07862564,40.54822206,-15.89452971,9.24924676,1.51216285,8.24973611,-11.12290843,-9.25681688,39.81867076,38.76747026,40.64545208,37.3402589,40.9344823,10.05954527,36.97972274,40.34822001,40.88772673,41.17850058,41.04885369,-35.10714949,6.14220621,38.34904498,-16.34260592,39.7422224,37.91034011,-38.72639533,23.10049799,25.53757078,40.43901547,-39.96847557,40.75586953,40.24094815,40.3575565,30.73618271,-39.26712326,38.24446598,-39.9831349,35.06428063,-3.866565,9.7347951,-15.81344557,38.61431699,-6.49550224,30.82479329,-13.56804051,39.46445988,40.58534153,6.9295614,0.03008505,40.50409199,17.98105869,-21.08066375,29.86387475,17.00512407,39.50792412,-4.95708424,-4.71249622,3.96384178,35.48264521,37.90430618,-5.80233924,33.85244018,19.27484339,39.69106283,40.41982292,-5.32764971,17.05591046,7.31567681,40.9131028,27.76147867,37.49577675,40.72917211,-4.92288831,31.47758533,-8.52902741,10.8307554,6.27249605,6.17798311,39.90697619,34.55832789,16.12724164,-38.8705445,0.96343707,24.98475448,37.39914767,19.93958091,40.70337048,29.43799617,38.61432715,3:00:00,1810.312335
-0.98544719,40.48168382,25.47491219,6.28602749,15.88206216,-23.15313841,-39.97079564,-40,40.63414087,43.24273839,29.74820333,21.28652124,-39.19400034,-13.66446171,6.70637122,-8.45667004,6.37783925,-5.9532157,-32.42013168,39.85549596,38.94921302,40.68227728,37.4032589,-38.8077401,10.28812307,36.57501454,-39.39400239,-38.85449567,41.21532578,37.74718798,-4.65342419,37.67818853,36.71501717,-11.18923942,-40,37.14737007,14.58028467,17.46015077,22.4790369,40.47584067,-39.96847557,40.79269473,40.27777335,40.3943817,38.68125391,-39.26712326,38.2588803,-39.9831349,35.11355799,-3.032945,9.81825494,-13.58337757,38.73346235,16.78170517,31.03474069,-11.49770023,39.58908328,-39.15688087,7.1947814,22.1784338,40.44469731,18.75887229,-17.74737558,28.98419875,17.44867967,36.81251315,-18.41816024,-3.71685622,2.01280865,39.97616281,38.0816129,-4.63487124,33.57535418,18.89850007,0.29629019,40.45664812,-4.41782171,17.98069758,9.94123859,-38.8291196,28.85374931,38.55154035,-39.01305029,-0.58263639,22.0591055,0.43484879,10.28985884,5.22518485,10.36631581,-39.83524621,5.31154664,23.89760778,-33.1406685,40.63089511,39.69424974,38.38868903,6.72620551,40.74019568,29.74820333,38.73345955,3:30:00,1084.019013
-5.44975604,40.5376657,15.84121377,10.52263367,23.56931766,-15.92094348,-39.97079564,-40,40.64675995,10.06990755,29.96655573,17.01707364,-39.19400034,-11.64639371,10.74121327,-29.30381129,10.67168986,-9.1174748,-4.85902902,-39.92355164,38.67562686,40.69489636,37.4662013,-38.8077401,9.78418411,36.71489682,-39.39400239,-38.85449567,41.22794486,37.84731478,-3.6776163,9.68991518,36.52997443,-21.44636647,-40,37.31014051,21.21242358,20.78744886,23.41163945,40.48845975,39.82319111,-38.98635287,40.29039243,40.40700078,39.25235615,40.52454342,38.2682941,39.80853178,35.15816279,-37.082629,10.10981638,-11.56530957,38.81052759,15.72517117,28.70664809,-21.05725237,39.87688388,-39.15688087,6.9990382,-1.42066356,40.48610399,22.30057509,-15.68681897,27.16167835,29.84085161,37.05623715,-20.21696824,-4.84825622,-6.98969214,39.81677561,38.2145925,-6.71095524,35.4246871,11.69351885,40.06108019,40.4692672,-4.16829171,18.29257846,10.46627117,-38.8291196,29.55434411,38.27284835,-39.01305029,-3.37602456,15.01280763,-20.47358315,12.36594114,6.54862525,10.7411144,-39.83524621,45.83568807,31.57766335,-28.8610725,0.96343707,12.93570122,38.75013215,16.49619779,-39.03885192,29.96655573,38.81052307,4:00:00,979.4184562
27.95833972,39.54569366,20.43172764,9.41551624,31.75003138,-34.31511281,-39.97079564,-40,-39.14490673,8.25592792,30.12802453,15.40231969,-39.19400034,-10.23554571,10.9751064,-4.13169491,8.4819278,-5.37401839,-24.81321763,39.89139636,38.82399862,-39.09677032,37.4766553,-38.8077401,8.01104127,36.62873771,-39.39400239,-38.85449567,-38.56372182,37.44063558,29.90636935,6.81721535,36.95785626,-15.74015549,-40,36.83382507,8.08941667,13.42174197,19.58865873,-39.30320693,39.84647243,40.82859513,-39.50127425,-39.3846659,39.45354991,40.54782474,38.27466558,39.8318131,35.17945079,-6.02378657,10.65875638,-10.15446157,38.12929647,12.45176427,27.11527325,-14.71726161,39.59513417,-39.15688087,7.022741,11.87597137,40.51830331,19.39631909,-6.82326957,25.45099931,31.85062417,39.40403675,-17.85626824,-36.19089622,-12.95733077,35.74486137,38.48837998,-37.90727524,38.69758898,-17.90315892,39.96387983,40.49254852,-3.59381851,19.40106966,9.47136011,-38.8291196,30.01904896,38.14038035,-39.01305029,0.50272847,24.90164479,11.54893509,11.73266862,36.96171605,-1.92855573,-39.83524621,12.02649757,29.38885116,-29.3160885,40.70483627,12.43362094,38.68790373,16.71942743,40.77609608,30.12802453,38.12912848,4:30:00,806.693158
-3.34210429,39.39692608,25.62255351,7.81342447,35.2638117,-18.12668481,39.86253768,-40,40.68842659,9.59496239,30.25506813,30.35070244,40.63933298,-15.90326171,7.55464898,-4.72341929,7.83903456,-19.73467199,6.85787056,-39.92355164,38.81136602,40.736563,37.49971706,-38.8077401,8.15147943,37.2900133,-39.39400239,-38.85449567,41.2696115,37.53100974,-32.96072737,6.26912172,37.47540015,-11.34480983,-40,39.44376063,14.99775506,28.73907836,18.58736838,40.53012639,39.86485775,-38.98635287,26.61669336,40.44866742,39.54635927,40.56621006,38.30822158,39.85019842,35.19828979,-5.17781964,11.05956678,-9.02793757,38.61477447,7.88097469,27.28619665,-9.66229025,39.96078373,40.67645245,7.04165036,-10.76966591,40.54409295,17.79270161,-15.32902219,25.92661075,33.15445053,35.91732835,-16.02684424,-5.62669622,1.84559236,35.37068081,38.60611545,-34.07127524,36.78675382,40.31954245,40.25088779,-39.32239948,-3.65454931,18.72909873,7.70853406,41.00421372,31.23713576,37.69453235,40.82028303,-4.66593172,16.90166798,28.55486036,17.73094898,38.36774405,35.81335107,39.99808711,12.45040068,18.13653114,-26.2846405,0.96343707,6.29650447,38.95996133,37.94689167,-39.03885192,30.25506813,38.61477344,5:00:00,1505.930603
0.13975696,39.73448914,26.80678605,11.27914688,35.19469848,-38.33356481,39.8776892,39.84848484,40.70357811,9.43205347,30.35160973,23.11975489,40.6544845,-14.30863771,8.76436108,28.18144196,8.85692938,15.8195783,5.28413312,-39.92355164,38.50822022,40.75171452,37.5176749,41.04074474,8.25906367,37.40162574,40.45448245,40.99398917,-38.56372182,37.60007618,12.58615114,7.48773181,37.39545074,7.28101879,39.84848484,37.11448583,29.54316053,18.81170136,18.30590141,-39.30320693,-39.96847557,-38.98635287,38.6517784,40.46381894,39.60151623,-39.26712326,38.28227358,-39.9831349,33.73102271,-4.70499164,8.1742723,-8.10694957,38.56364091,13.55735191,25.77287089,35.60575163,39.66636177,40.69160397,6.07401584,-11.74712714,40.60278879,16.97283669,-11.17971913,24.31828515,33.87292441,35.67646539,-17.49972424,-5.01369222,-36.19364875,35.18338645,38.58384107,-31.37999524,37.09527858,29.85924541,0.29629019,-39.32239948,-39.01510131,17.54161881,8.83404357,41.01936524,27.37252313,7.62902435,40.83543455,1.02888249,15.91797904,-3.33310741,10.26608154,35.05186325,11.90082973,40.01323863,6.15892281,18.77826429,-23.8334645,0.96343707,11.43359814,38.90982785,13.44448823,-39.03885192,30.35160973,38.56366075,5:30:00,1443.256426
4.66423434,39.54781916,23.83307214,33.0102329,35.27530578,-5.26126121,39.89031548,39.86111112,40.71620439,13.01208402,30.43199093,17.63482484,35.136456,-13.02757771,39.81516108,11.59630255,35.82314096,5.22040509,35.49293696,39.93755948,38.66644102,40.7643408,37.5319973,41.05337102,7.38296091,37.11602603,40.46710873,41.00661545,33.42697778,37.61200361,-23.42049756,24.96092081,37.63540655,28.17842206,39.86111112,37.55442999,5.00415813,16.06991071,16.77495334,40.55790419,-39.96847557,40.87475825,39.59770855,40.47644522,39.94827111,31.67057172,38.28472798,-39.9831349,35.83551759,-4.31133964,7.73879918,-10.75809757,38.61509171,11.34907959,24.68621609,6.80855383,39.68244937,40.70423025,6.08945184,-28.98798009,40.58280419,16.89478749,-7.42630487,23.33559915,34.51458109,35.14042455,-21.80508424,-4.50349622,-2.63256988,34.58308128,38.5579915,-29.15247524,37.30707478,11.43683468,39.99223579,-4.90499948,-38.48567331,18.38742729,37.1741625,41.03199152,27.81639496,4.74591035,14.5311256,-19.26889608,16.83998497,7.41003554,11.78022976,29.64048405,18.0982715,40.02586491,6.34686683,16.68739777,-21.9667445,0.96343707,38.21092062,38.97625021,10.23228267,40.8222592,30.43199093,38.61509039,6:00:00,2050.135274
13.38197644,39.49189576,26.78606553,6.7149903,35.23577618,-31.10629571,39.90099924,-40,38.69161727,-28.7183022,34.68682958,10.57436689,38.49251166,6.51726869,7.13830707,6.2240183,6.91114896,5.05963851,6.75975633,-39.92355164,38.73915042,40.77502456,37.54364766,-38.8077401,6.64789015,37.36430254,-39.39400239,-38.85449567,40.04217862,37.35780518,-15.17889887,5.61019292,38.05295975,-22.59000265,-40,38.02310515,5.38770107,11.04362673,18.14151241,40.56858795,-39.96847557,-38.98635287,39.61378375,40.48712898,39.65993991,37.92562514,38.28644398,-39.9831349,35.69161879,-3.97849164,7.76940118,-6.69264957,38.28282047,15.24171399,23.38321752,15.06140896,39.69436493,37.43081473,35.0038666,-4.47187717,40.62954599,17.04451509,-12.46212564,22.7598944,34.64054646,34.73857772,-17.73772555,-11.82385622,-0.63786002,34.2822314,38.65143379,-26.9150105,37.46174898,43.29920427,40.01557659,-4.47364348,-4.66254931,19.80362721,6.75203267,41.04267528,28.71597316,4.48772971,34.06523435,-7.90848483,22.82366016,14.7741345,11.43337834,21.27236965,34.40689647,40.03654867,10.9940697,16.96264461,-20.0117845,40.78417931,33.48615138,36.52778001,12.33012044,-39.03885192,34.68682958,38.28288848,6:30:00,1394.263036
13.63184102,39.77092896,32.78515302,6.3300174,35.12609938,-1.01913571,-39.97079564,-40,38.69062051,-9.93483488,36.90621722,9.85043289,38.49665606,6.07776109,4.91158563,9.11769855,7.86051737,5.29062277,5.8757216,39.96597236,38.50633302,40.79275368,37.55335974,-38.8077401,6.4062601,37.4447077,-39.39400239,-38.85449567,40.85810698,37.41703122,-38.97021749,34.87347572,37.68378506,-38.01439483,-40,37.59920507,6.36977777,13.80325775,15.08795364,40.58631707,-39.96847557,40.90317113,39.62902775,40.5048581,39.58313345,37.97875674,38.28914158,-39.9831349,35.99231194,-3.69339164,7.38256958,-6.13774957,38.33674131,9.73024846,27.67248009,10.0857323,39.79358701,37.44208993,23.8359038,2.53960223,40.61074879,17.49356509,-13.37852564,23.56235315,35.44123969,34.83942887,-25.50348424,-13.30048422,-2.22643127,34.6475562,38.5561027,-33.93935524,37.57928026,23.87735447,0.29629019,-4.10416748,-37.65542931,21.78489445,4.74251239,-38.8291196,29.76422696,4.53490831,34.07629087,-1.56542322,29.4849052,20.72864194,13.10778874,30.74877376,8.90242165,-39.83524621,13.6186044,9.77704214,-18.5228605,40.79696819,26.60542658,40.15285638,6.62768144,40.85067208,36.90621722,38.33674395,7:00:00,1320.212126
18.09616362,39.66684468,23.1016031,8.49940278,35.3226529,-2.70516628,-39.97079564,-40,38.73091127,-38.41929357,38.7964657,13.34146209,38.50535686,38.94071789,8.11950976,6.76731396,8.6092274,5.8212663,6.01443216,39.96533724,37.86053302,40.79211856,37.56155462,-38.8077401,10.53658907,37.43591123,-39.39400239,-38.85449567,40.88614842,37.11966001,21.71444855,7.24591813,37.8609939,-12.83938289,-40,38.04811811,7.38215893,16.11815516,19.77131368,40.58568195,39.92041331,40.90253601,39.63799855,40.50422298,39.64642245,38.07054474,38.2890639,39.90575398,36.64397775,-3.44643164,7.40374838,-5.66025757,38.39558091,20.22592159,23.69276117,25.5886809,39.95976116,37.45177217,24.0708054,-2.059964,40.62154767,16.23061669,-13.43667226,22.58485939,36.9633995,34.94760795,-26.10628424,-16.82764422,3.17175745,34.92923948,38.64763566,-27.25806646,38.00882018,-3.04888642,40.12956579,-3.78414748,-35.05272131,22.28431446,8.46182255,-38.8291196,30.39911316,4.58482675,34.08582279,-6.43023768,22.9350752,19.78866994,12.26626192,8.50211337,11.38953686,-39.83524621,11.42439293,11.2278573,-20.9207445,0.96343707,28.82090662,40.32903703,38.56793687,40.85003696,38.7964657,38.39557975,7:30:00,1566.148893
15.06383043,39.706227,22.96208664,8.81571088,34.91176066,-5.15836001,-39.97079564,-40,38.70563483,29.83196636,39.31337981,13.74863169,38.51261382,39.06782789,6.54629631,16.00541851,9.47045004,12.19113204,13.67537632,-39.92355164,36.48739182,40.799063,37.5937385,-38.8077401,5.81822967,37.11846378,-39.39400239,7.547752,41.00301418,37.60550757,22.02921519,-35.40916139,38.1176822,-0.18412194,-40,37.84926701,8.29081813,15.3486609,12.68417161,40.59262639,39.92735775,-37.45726578,40.96076308,7.547752,39.38817859,38.15444954,37.8386676,39.91269842,39.7377253,-3.23043964,7.42512782,-15.74080557,38.57874731,10.90139337,23.81398861,-1.65457425,40.00711168,37.46016833,24.2624454,-1.91746574,40.63123855,37.3608688,-8.85364067,22.71545155,38.94795713,35.03856223,11.95340485,-17.80826022,-28.59817911,35.1529606,38.69058347,-5.16627524,38.15181046,-1.64931481,40.19868179,-5.14111948,-32.77960931,23.48707405,6.57128987,6.6672492,30.71475384,4.70935435,34.09412503,-8.53283976,20.66534716,17.71884708,10.47217095,7.72268756,6.53758425,-39.83524621,15.55472969,9.33654426,-18.2298485,38.39561136,22.71510062,40.3004044,13.65987731,4.9586596,39.31337981,38.57873515,8:00:00,1488.902948
11.63536978,39.76941368,15.55121204,-20.44195239,35.62388366,-35.08140481,39.93117236,-40,38.27483087,8.86154803,39.50699239,15.07533889,38.51907486,11.85608426,-23.13455892,11.75748643,-22.44837333,6.5106646,9.33524952,39.97841636,38.76897906,40.80519768,37.57461278,-38.8077401,8.37607369,37.16451243,-39.39400239,34.82489157,41.83287272,37.91857281,20.09220103,-33.87200228,38.3583247,21.99550388,-40,38.06297597,8.39793163,20.19027246,13.85640853,40.59876107,39.93349243,35.03468822,42.73271942,35.12448994,39.40326505,38.22782634,38.60737132,39.9188331,37.3079173,-3.03994764,7.24259534,-16.72952157,38.48424527,16.81531097,23.76280965,5.73586423,39.74571439,37.47111113,17.00703594,0.51808383,40.63979103,38.97464056,-5.22457902,22.38370227,39.71169965,35.11609491,7.14359336,19.92959138,-8.68708403,35.348411,38.63844202,-3.44004353,37.62234285,-34.00718075,40.18355851,-38.67279948,-32.77446131,26.38844846,-23.23809217,34.6182232,30.81485516,4.51728315,34.10142099,-8.27361576,31.944337,13.86843211,11.94386966,7.82074525,11.2979668,40.06672179,15.35998392,16.32322483,-25.0436965,39.40524964,20.80293342,39.9378839,31.57373198,32.33542608,39.50699239,38.48424375,8:30:00,1758.570989
12.03219051,39.80653608,19.5826309,12.49820271,35.61224058,-2.47336371,-39.97079564,-40,38.38566087,8.16505081,39.67638393,13.26336689,38.52475802,10.35798229,-29.3348892,10.01151151,12.98994077,8.4674513,8.68683199,39.98385576,34.72017302,-39.09677032,37.39457744,-38.8077401,4.6262694,37.43662203,-39.39400239,34.83002993,8.00983642,38.13563509,23.79873218,-6.75493709,38.50951682,10.85120614,-40,38.22261113,9.87657667,18.84980054,20.13003942,-39.30320693,-37.12563557,35.33929365,38.6297776,35.12951062,39.44888605,38.29265274,39.0453396,39.9242725,37.19597122,-5.632269,6.42896562,-19.50441757,38.51837251,7.95392775,23.25016129,13.27421599,39.79070559,37.47401713,35.125893,0.30516846,40.64739455,39.3564204,-14.73260625,24.29657081,39.66450821,35.18298555,5.33935576,12.57177458,-2.00992412,35.4883762,39.35503202,-3.38813553,37.96262729,-0.30473589,40.12985427,21.69967855,-36.54834131,32.22010973,-27.52394537,34.62397844,30.97736996,4.73291315,34.11628411,-11.29290791,27.07706102,14.20749128,11.71277394,5.11909845,6.1807475,-39.83524621,14.41080075,21.28001099,-31.0051445,39.73318816,18.82790127,39.86952378,30.16126208,32.34322224,39.67638393,38.51838395,9:00:00,1512.007421
15.53315834,39.84394118,22.5928816,15.79447273,-13.93172614,-21.36068628,39.94407636,-40,38.12378207,8.62719831,39.74026801,16.53667489,38.56425966,8.67788629,12.74356908,11.00645174,15.53546576,43.78456826,12.40964206,-39.92355164,33.78238678,40.81810168,38.35535784,-38.8077401,5.42617047,37.65751483,33.16412417,34.83439957,8.01476266,37.98285381,25.57861418,11.71211988,39.27767421,10.13074045,-40,40.45038072,13.60560706,17.9494444,30.10714353,-36.60718873,-35.16399557,35.35009713,39.19586775,38.21911666,46.69360312,37.98991514,39.59208443,-39.9831349,37.40137998,-3.99018657,6.25330138,-20.26801757,39.95121912,42.91320918,23.34384169,10.37022773,39.7389059,37.47976701,19.13261924,-2.09415347,43.01107526,39.55787509,-6.6352647,19.74605915,39.55515958,34.85134755,5.69269496,12.01704338,-3.62295964,35.6126846,39.5063272,-5.12745124,38.32308593,-20.00351651,0.29629019,25.90731195,-38.13670931,39.48399068,12.72061407,34.62912996,31.13540792,4.49197327,34.11364667,-2.90469358,34.72691617,17.45481189,15.51096071,5.07962085,25.05589556,40.07962579,16.46275331,23.57549221,-31.2275445,39.85371108,25.64946614,39.84420523,25.62299403,32.35040072,39.74026801,39.95121403,9:30:00,1803.752381
10.39422919,39.8426331,17.86743285,9.80774234,-13.24556614,-19.18180881,39.94587104,-40,38.10685727,11.62085079,39.78580153,14.87444564,38.53707766,7.59408293,6.99505179,10.0467002,9.65190696,14.78227603,14.2374102,-39.92355164,33.19522894,40.81989636,38.79094176,34.68954706,5.27299215,37.82603531,33.5664564,21.713504,8.01919382,38.12942297,29.4634491,5.88901061,38.83612163,9.2163963,-40,38.21656517,9.91956467,16.30652358,21.54022435,30.25665512,-33.39911557,35.36003273,38.94583419,36.5759152,39.51947871,37.98004074,38.6395764,39.93353178,37.68401314,-3.69498657,5.52857678,-20.38461757,40.51998952,34.66092296,23.41700329,14.30491416,39.74289703,37.50119713,30.79982204,-3.04241921,28.8542232,40.98504448,-4.01777019,19.85454443,39.51738442,34.48415435,6.01306376,12.27099178,-2.61400552,35.5265246,39.58653498,-4.70071924,38.58409385,23.072324,40.11348963,29.17274935,25.98061064,38.19057687,6.85115473,22.18618047,31.44751636,4.51337223,34.11881899,-8.73750936,28.15932036,12.01545931,13.03986255,5.11566805,15.18718778,35.93027289,16.30495944,15.86356642,-29.6168165,40.21890816,20.22971617,39.88750507,-11.38012927,31.29113788,39.78580153,40.51997883,10:00:00,1977.805527
16.21774072,39.84211078,18.06660965,9.55964173,-12.81388614,-4.14788481,39.95555356,39.9263492,38.11455667,10.33741749,39.84270002,11.50202689,38.54155686,13.027133,6.92494822,7.49627801,9.42114596,14.36970965,18.86212664,40.00279756,32.87507302,-5.92417794,39.0386016,34.69399758,5.18221027,37.95869243,33.95227021,26.51961233,8.02322578,38.24463269,26.58340793,5.76615686,38.57481001,10.72383737,39.9263492,38.30857581,11.73182067,7.36503812,22.39123882,35.95268688,-31.80275557,35.36836197,38.96120027,37.87150456,39.27478191,37.98432818,39.1488836,-39.9831349,37.9089657,-4.08426233,8.03347238,-18.13754557,40.95678992,16.10470902,23.48718965,13.08735025,39.83619034,37.48957473,34.27309464,-5.69703157,36.75908568,40.49276139,-5.12010775,19.83538515,39.63243905,34.54448155,6.29805376,10.36678138,-1.19213031,35.2289142,39.70766194,-4.44799924,38.84354809,32.67744504,40.12217459,31.05282927,28.07292648,39.27142159,6.61785179,24.309494,31.41572576,4.53117591,34.12348663,-10.5231716,32.6618009,16.21600085,12.97406068,7.14038805,22.48407069,38.90363095,12.05697509,26.08182975,-25.37065656,12.48419056,13.72002048,39.91502123,-6.95664883,30.70861108,39.84270002,40.95677963,10:30:00,2129.457367
24.55616793,40.7126665,19.45618397,9.5519089,-12.36324614,-4.36240228,39.95584836,39.926644,38.12163519,6.9755892,39.85461874,11.57114809,38.54325566,25.62041029,7.34239818,6.5011866,9.31289629,-8.96348351,-8.70908902,-39.92355164,35.70253702,9.84616048,39.19786728,34.69803378,8.62079511,38.06601203,33.96445665,26.53080141,8.02687778,38.35000041,32.71985263,5.9004971,38.66555153,16.3616124,39.926644,38.19381569,8.91362067,6.12086556,21.38228206,37.83003307,-30.35191557,35.39934353,38.97618095,38.5936501,39.32325505,37.98871034,38.98337268,-39.9831349,38.0613177,-3.50883833,8.55434838,-17.26024957,38.59254855,12.7490491,23.67002089,18.56335257,39.8578529,37.49377409,33.5738534,-6.89382265,37.65413535,40.49600443,-6.36350422,18.92409595,39.80760133,34.59185791,6.56145176,7.76869178,-5.14791537,34.99310728,39.73400749,-8.27268324,38.82399929,33.8976772,0.29629019,34.69094055,26.06358977,39.20065864,6.91460228,24.318656,31.55150224,4.58536835,34.12771999,-0.38658668,25.8664614,22.39042516,15.50506077,5.63670005,18.23141035,39.51676017,10.45904969,18.83689384,-29.9209445,12.54243216,11.65427058,39.93375451,-29.03533569,30.7259018,39.85461874,38.59255614,11:00:00,1970.703055
17.64428546,40.7207965,24.36353462,14.82045906,-11.96048614,-32.33873281,39.95674276,39.9275384,38.12805267,8.52840284,39.89828312,10.50756289,38.49878522,25.40398985,13.09720147,17.07122554,14.76702961,-4.24486155,-28.86622235,-39.92355164,37.82698187,9.84982688,39.30861044,34.7017109,9.04961631,38.15384167,33.98409401,26.54109525,8.03016534,38.41391361,29.13716771,48.0054708,38.75132601,9.78373821,39.9275384,38.23694781,9.07079647,9.70138005,24.85697486,37.97153947,-29.02755557,35.38336149,38.99058375,38.60442778,39.61078465,37.99228978,39.1144316,39.9444035,38.17604882,-3.23522633,8.54840078,-17.92841757,39.27502827,15.0561514,23.60833309,11.19721448,39.87493602,37.49759493,33.61523688,-8.18596247,37.66382239,40.15405809,-4.64702219,18.35500675,40.3253461,34.43318955,6.81787576,7.99251178,-3.53192945,35.08290888,39.75126883,-8.80567524,41.72005919,33.04450368,0.29629019,33.13163883,25.82584893,39.38504424,12.47957637,24.3291596,31.66197012,17.71243457,34.13157699,1.17391736,24.25206398,26.29587694,21.50593102,8.82135456,23.72007047,39.94062839,21.44175068,13.46425519,11.4046515,12.75852256,14.05678662,39.94713599,-2.66081921,30.74166408,39.89828312,39.27502894,11:30:00,2188.761403
8.14325282,39.99451961,29.27811569,7.39436409,-11.48907192,-18.13109571,39.95975992,39.93055556,38.13394527,7.43429993,39.90050704,11.87125329,38.50190154,24.73878269,5.01898676,7.15429844,7.27888634,-2.96558661,1.88180596,40.00700392,38.78922462,9.85318428,39.38989904,34.7052091,4.99259607,38.22765903,33.93075401,26.55051461,8.03321298,38.47784297,27.97873168,33.80064388,38.80078681,8.09809471,39.93055556,38.24980237,9.28790867,8.04453126,20.53128689,38.11093627,-27.81383557,35.39215113,38.99813335,38.61418506,39.39073977,37.99574734,39.1723812,-39.9831349,37.96840714,-3.06422233,8.77315478,-17.12973357,39.51033851,11.57342039,23.69038769,9.52722625,39.88864062,37.50108373,33.529217,-0.52368502,37.67232971,40.15597169,11.47266896,18.50502235,40.43844102,34.47589535,7.01419216,8.19743578,-27.53507275,35.16245084,39.79384399,-7.65048353,40.41520545,34.16572519,40.14388243,33.76617655,27.48338008,39.46646459,7.87216904,24.33871824,31.81948116,34.23753083,34.13650891,-25.2775395,25.31185701,9.7494201,13.57665804,39.11155085,20.99789211,39.75215581,15.2976995,22.759019,10.8041541,12.64446256,6.14785928,39.95703907,-21.54412009,30.755994,39.90050704,39.51033822,12:00:00,2177.833347
14.39764732,40.01257637,25.81984851,10.64692121,-11.96187192,-20.92574081,39.96253768,39.93333332,38.14058807,6.95635356,39.90240504,10.85980289,38.50475478,24.42822429,8.86109308,7.27597149,10.53047973,-15.21458717,7.99958211,-39.92355164,37.74321031,9.85630128,39.4519706,34.7081639,7.93692127,38.29035519,32.85780195,26.55916641,8.03601098,38.53209741,25.51001971,7.48253861,39.16009441,7.95265521,39.93333332,38.11914517,9.34795339,10.10009874,22.63079769,38.23814467,-26.69739557,35.39587369,39.00810907,38.6925921,39.43749265,37.99925554,39.446434,39.95019842,38.07651234,-4.35714233,8.97964598,-16.39860157,39.85450175,10.3049909,23.70908169,8.97610396,39.89998002,37.50430713,33.44141888,2.76166399,37.68024899,40.15833653,-20.72071886,18.50747715,40.13945134,34.01917795,7.21418296,8.04788778,2.86341412,34.9027094,39.79220824,-4.13092353,38.37905007,43.94768474,40.14996455,34.25770655,25.48721789,39.55072299,8.20700667,24.34753208,31.85260976,33.67551886,34.13834619,-13.04708852,29.58727426,14.16985697,15.85273582,37.02611725,16.74319591,39.76677679,15.24754919,14.59155383,10.53662814,12.68925856,18.77183014,39.92498888,-32.57442132,30.77111608,39.90240504,39.85450014,12:30:00,2176.91926
13.60095817,40.02996285,14.48870848,8.13923475,-9.96715192,-35.33336481,36.93224196,-40,38.14414995,6.36966762,39.91439356,10.43031489,38.50737686,24.44508753,6.15319035,27.80951855,8.01118784,35.02526702,6.77703037,-39.92355164,38.35498675,9.8591228,39.50461224,34.7110105,6.35872127,38.34424927,33.15578561,26.56746873,8.05944898,38.60195081,30.29687303,4.82930342,38.88551241,14.23579725,-40,38.24393006,9.48202855,7.76875605,22.83956442,38.35469387,-25.66707557,35.40138265,39.01718023,38.7736581,39.44036593,38.00182662,39.2828828,-39.9831349,37.9047697,-38.22814233,5.57001318,-33.37953766,39.69937495,17.43088315,23.75273465,14.59048803,39.91062122,37.50817153,33.47390788,1.04558734,37.68751279,40.16143769,22.75855983,18.58759715,40.6401765,33.96464235,7.39920776,8.09197458,2.56870593,34.92415512,39.82450696,-24.75588353,38.61579103,39.49973546,40.15557983,19.05324428,25.43166149,39.61062139,5.54808156,24.3556572,32.80653226,37.39877696,34.14133251,-9.72267606,35.56237065,13.45885819,13.36719297,37.03794805,14.7344826,39.78228417,11.98903312,21.62350907,10.3684267,12.73044936,6.39844048,39.93325388,0.45918143,30.78259608,39.91439356,39.69937454,13:00:00,1968.142722
15.20383132,40.04474789,12.12090772,6.22969481,-9.25067192,-7.03580628,35.98343385,39.9382716,38.14867075,7.07676436,39.92538396,9.93443489,37.98007918,24.46066949,37.51493304,22.40183574,6.14411961,29.91920942,42.07922406,40.01471996,38.35804066,9.86176076,39.540274,34.7260819,6.99418487,38.39283963,33.15658241,26.57451429,8.04098742,38.64643441,25.78668113,22.33858791,38.92368981,14.83399067,39.9382716,38.23191806,9.75846307,5.79483565,19.93204429,38.46186907,34.17467044,35.40667313,39.02546395,38.8479953,39.46047661,38.01752914,39.32519552,39.9551367,37.7444153,-36.36074233,5.74607398,-6.70997357,39.74608315,2.88909347,23.79327289,15.05533568,39.91921522,37.41306841,33.5418534,2.29555758,37.69419919,40.16370009,-24.76510517,17.98129475,40.24536142,34.05481659,7.56915296,6.97598258,-9.67165898,34.9541662,39.85064256,6.87020447,38.78710831,38.02267599,0.29629019,22.69375068,25.44033937,39.81244287,30.19181026,24.3657904,31.39956036,38.92038777,36.94595971,6.49673311,32.14238581,14.74395629,14.00606054,37.21101045,15.79768864,39.8069617,14.01355529,18.01550828,9.7989207,12.76887856,8.66007058,39.94213728,0.22174329,30.79248768,39.92538396,39.74608294,13:30:00,2429.301337
6.17005479,39.74310114,16.63644184,36.64205116,-8.51275192,-5.57796481,38.15093021,-40,38.15284899,7.58373817,40.03699594,11.14602689,37.35734562,24.47510277,15.97023919,5.4923165,35.63632791,12.45260738,22.47838882,37.06917237,38.37078206,9.87302848,39.57270568,34.7504827,6.41784167,38.35373494,33.18446161,26.58135273,8.04320806,38.65457541,29.42489044,5.2184799,38.95008593,13.94676243,-40,38.69675233,9.75741019,11.53555107,15.52751647,38.56078107,38.30395812,35.41118161,39.03306135,38.9164057,39.47818617,37.76783594,39.36071312,-39.9831349,37.8307907,-35.301229,8.22589878,-4.15568797,39.77908715,-8.52703727,23.83073385,14.23404619,39.93157969,35.9400844,33.53114696,-3.33610176,37.73214319,39.92919069,-6.80012299,18.31436515,40.28641666,34.16444235,7.72738736,7.14669978,-10.95501411,34.7595454,39.90069965,15.0349661,38.91671339,36.04302572,11.42944016,18.66900736,26.30076425,39.68858955,13.41791427,24.37014096,31.60254624,39.39600569,36.06464775,2.80052812,26.01272976,5.53890291,16.39423948,36.00608805,17.08070065,39.69388018,15.64718505,18.37529928,9.81479646,12.80423256,4.96970448,39.92087898,2.7850634,30.81823928,40.03699594,39.77908706,14:00:00,2148.412961
9.94456591,39.77253694,21.67868251,7.40213094,-7.92581822,-25.74816481,38.76655221,39.94252872,38.15698167,7.9130429,40.36455502,11.99482929,37.36496486,24.48868949,41.20239535,6.11951696,7.06151396,22.13443649,25.63363837,38.90714225,38.26190687,9.89582088,39.599822,34.71835086,6.15234407,38.49440054,33.20554113,26.60757353,8.04527506,38.57516518,30.49177844,32.00776893,38.97270321,16.6505296,39.94252872,38.63589381,10.70135907,13.56709265,18.42694773,38.65227907,39.00294252,35.60476713,39.04004499,38.9816861,39.49389409,37.82385314,39.30925318,39.95939382,37.90535586,-33.262429,5.98192718,-4.09041237,39.80351235,-0.16854987,23.86545509,18.20825052,39.97006159,37.82358593,33.5565078,0.78920334,37.70609451,39.93260949,-21.16177107,17.83524399,40.06745949,34.14565635,7.88083576,7.30055578,-20.51023761,34.8209292,39.97128492,26.8536061,38.89302175,37.81629129,38.631197,19.77980676,26.31249949,39.71523139,39.18493569,24.4283076,31.57988076,39.43166068,36.08026171,1.33859869,29.26223523,8.9548025,16.93321376,35.07413285,16.81990529,39.73294041,17.9192282,13.64030259,9.61431262,12.83729296,12.92718606,39.9282497,-5.46237667,30.81248876,40.36455502,39.80351226,14:30:00,2463.574047
10.44744224,39.71033631,19.11270051,6.15362316,-7.61908614,-1.95524628,39.06997809,-40,38.16058447,10.59042679,40.36797802,11.91725489,37.33617486,24.40923429,6.11065296,6.21052987,6.06665325,6.9066975,12.91096786,39.27384032,38.54715967,9.86861552,39.62280764,34.7223171,11.41591671,38.49932298,33.22734857,26.59485793,8.04720378,38.64859638,24.47860714,33.20182627,38.99551389,13.83784498,-40,38.8001927,10.89156987,10.11329552,16.90733327,38.74455307,39.28867588,35.47351953,39.04649435,38.6780665,39.50791661,37.87590154,39.1841408,39.96130954,37.9756101,-31.97198233,39.93145558,-3.91937357,39.82223279,18.68547255,23.92388409,14.42711494,39.97254179,37.82699793,33.461093,1.47796717,37.71144399,39.93818869,-15.61464531,17.71604143,40.33580942,34.15863579,8.01184456,8.13041565,-22.93690155,35.0893182,40.94176152,6.0607261,38.88270707,32.56917588,39.18718388,20.71727376,26.21266641,39.73661023,5.28564115,24.4887484,31.36744032,39.7627984,36.07164503,-14.68551985,30.90946556,11.36654234,13.06822439,36.91778205,13.27716644,39.93753987,17.42308459,14.89833927,9.62853142,12.86814096,14.81006062,39.93163202,-19.97648072,30.82425248,40.36797802,39.82223266,15:00:00,2226.188166
31.93071074,39.75073351,14.81197728,5.45013549,-7.35388614,-4.91274361,39.58819221,-40,38.16368047,10.50098746,39.92660321,11.27381089,37.34046166,23.88553325,34.62431107,8.89113819,5.62878613,-5.71039349,-33.19057168,39.27622876,38.74675623,9.87060452,39.64252204,34.72244162,9.26069511,38.45544295,33.26471361,26.59917989,8.0490077,38.62685025,27.16425687,25.21666172,39.01236241,7.99845298,-40,39.17943806,13.88975598,10.93809142,19.35288847,38.81629387,39.44355604,35.51157313,39.05246571,38.66304014,39.52050725,37.92438754,39.3066712,39.96310166,38.1873005,-3.21098233,40.08263398,-3.75506557,39.83697639,33.03392067,23.92779845,8.13155745,39.97750239,37.83023041,33.4851134,-0.03276885,37.71635751,39.93871797,-32.6505988,17.09027603,39.54410421,34.18810235,8.14015576,13.67325738,3.74399216,34.92825188,40.9416382,6.7570981,38.74678074,39.97406345,39.4501514,21.51902256,26.22286729,39.75426975,34.15887117,24.5452384,31.44038675,39.77994224,36.07479507,-14.55287345,25.53226814,35.36062918,13.13744567,40.33301996,11.60292464,39.94235307,21.3818956,19.4907222,9.6418203,13.71788867,14.28817916,39.98858923,-9.39769541,30.82983488,39.92660321,39.83697634,15:30:00,2332.299954
11.89515424,39.75651538,12.41407937,7.24755732,-7.19376614,-4.09719961,39.36357861,-40,38.16681195,38.52274941,39.92480977,13.64439764,37.34311566,25.31045146,36.11596726,41.11208311,7.19241353,13.35680479,14.17310298,39.47642436,38.89810407,9.87282088,39.79272544,34.7276199,9.43640129,38.49850931,33.26652545,26.60436881,8.05091018,38.68542681,27.19554647,24.44539017,39.03374401,13.80862082,-40,38.8835401,10.94063947,11.95553364,19.29510283,38.89005987,39.54062164,35.54718033,39.05801015,38.66809902,39.53187157,37.60966514,39.5984076,39.96478178,38.0782933,-3.03936257,35.53300438,-2.47724566,39.84884323,32.44174646,24.12220409,13.37562721,39.97681135,37.83325377,35.8562678,4.51321469,37.72218359,39.94142469,-12.63268664,17.14562459,39.50916218,34.07100235,8.26036136,18.97464258,3.06309999,34.71120264,40.01324078,8.9406633,38.8839895,33.79880736,39.58275064,22.21409748,26.48855469,39.76901263,31.71098178,24.5981528,36.1552864,39.79416768,36.07774267,-8.03894668,21.19641907,21.27455562,12.85826944,9.96532256,12.74507204,39.94669611,16.98445551,17.49752246,9.65426554,16.66960467,16.34450385,40.05115874,-14.59706407,30.83766776,39.92480977,39.84884318,16:00:00,2433.544556
-14.06296316,39.77107338,16.1701722,7.40833078,-7.02240614,-32.56774371,39.44539581,-40,38.16974651,37.20098907,39.92744361,11.73425889,37.34553718,22.74395329,26.31228828,17.60479491,6.48208967,26.68444621,26.53224552,39.32316836,39.01563247,9.87421968,39.94238824,34.72602854,5.81598427,38.75929614,33.28418841,26.60923881,8.05339818,38.68787441,29.37092887,14.05354613,39.35228191,5.8940727,-40,38.88584886,10.98922115,11.53683262,16.42311222,38.95904267,39.6065274,35.58059913,39.06317167,38.67282114,39.54217781,37.58079326,39.27234228,39.96636006,38.1234489,-5.76118657,34.02231638,-4.70576717,39.85856623,10.25515974,23.98218601,6.95033257,39.97351999,37.83608561,32.3291134,3.51492719,37.72530235,39.94869909,10.01197888,20.77500621,39.98045087,34.07127255,8.37320536,19.13395338,-29.17779243,34.7592674,39.92089034,12.1341345,38.98912594,34.53771297,39.66236068,22.81829252,27.80617164,39.77965539,21.68266591,24.6478204,30.20142436,39.80245812,36.08050663,0.53047213,22.21550166,13.59400171,14.71743526,6.95075805,13.60704192,39.95063255,15.25423419,17.67365902,9.6659469,13.61090467,22.5390627,40.0509601,21.7389143,30.87981728,39.92744361,39.85856622,16:30:00,2331.529367
-3.05674539,39.80794618,15.17590329,24.46733546,-9.58795313,-7.30376481,39.50604141,-40,38.17249979,37.18027027,39.85173919,12.14542009,37.3488469,22.51160909,29.49399089,28.27501222,25.9340593,16.06937857,15.24331856,44.40997937,39.37055767,9.87586724,39.54727384,34.7276735,5.81380311,38.51572934,33.30072425,26.61664513,8.05378086,38.71383073,27.37310039,-5.59058307,39.10416455,26.09342152,-40,39.33582477,11.03608067,9.71592612,14.34876827,39.02369347,39.65442984,35.61194313,39.06798855,38.67723906,39.55376585,37.5847679,39.22200546,39.9678455,37.87866611,-4.33630657,34.05070838,-4.84061357,41.42524512,-0.8914161,24.00685749,30.69701293,39.9166379,37.83896313,32.3907518,3.98126547,37.72935727,39.97090629,18.74775423,20.37585435,39.73863324,34.19546515,8.47959976,18.74768538,-32.19382703,34.54003521,40.03772762,16.55675241,39.06954662,35.50469099,39.94322139,23.35198508,25.98436909,39.77620111,36.34527467,24.7273844,30.29100796,39.90295002,36.08448891,32.22325416,23.5547721,15.58408194,12.53265463,5.99284805,21.60117888,39.95421511,15.27820191,16.88721018,9.6776211,13.87108987,19.15920358,40.0513741,1.79090044,30.85191836,39.85173919,41.42523683,17:00:00,2450.273492
14.87935861,39.85943643,18.61286444,27.69873013,-6.18162836,-4.24255281,39.55271773,39.9558096,38.17508807,36.4794419,39.86284499,12.27559489,37.35195934,22.49259781,0.18225787,30.71446519,25.45130851,29.33482095,30.07060051,37.35593225,39.18609763,9.87742036,39.54306224,34.72919926,5.94095407,38.56726226,33.31624417,26.61813285,8.05518954,38.66837638,32.05553914,-3.61112083,39.07907099,37.19842884,39.9558096,39.34534757,11.07854747,10.3634831,20.49689985,39.08453307,39.70750884,35.64147633,39.07249655,38.68138118,39.56040985,37.58874114,39.32716558,-39.9831349,37.96194359,-3.14578657,34.17481478,-4.66670877,41.42510512,-12.96817379,24.03004917,37.26111296,39.9206307,37.84127833,32.1895252,-1.35053923,37.73634839,39.94842381,23.9309793,20.22618675,39.88443569,34.42537835,7.80050096,18.89176378,-28.46037482,34.89828128,40.93446432,22.3389097,39.13511074,39.23152748,39.94578859,23.82573388,25.99472169,39.79579383,-12.21940244,24.7385412,30.24957316,39.88197806,36.08554839,0.2218375,30.4871965,23.80917985,12.85217815,5.66159165,21.1207496,39.95748807,15.36631167,18.13537828,9.6875147,14.11607027,21.99569706,40.17329758,8.61197372,30.85841688,39.86284499,41.42509723,17:30:00,2535.262457
17.49216334,39.94613454,12.53432295,5.06847462,-6.10765396,-6.51520481,39.59124221,-40,38.20234127,36.70164265,39.84456276,12.52381489,37.35489162,22.50311305,23.40128108,14.90859719,38.85494268,31.47437619,23.01329061,37.95108837,38.91115127,9.87888688,39.55736108,34.73065058,5.80077567,38.61290546,33.33119001,26.62220593,8.05883818,38.72446414,30.89111491,12.85447681,39.74468029,7.41973042,-40,39.03532117,11.45420693,9.53980407,17.21919794,39.14153227,39.71893012,35.66933113,39.07671735,38.6852725,39.56802845,37.5920201,39.53129238,39.97056882,38.08944279,-37.71002657,34.57940438,-4.50583397,41.4249962,18.4578229,24.05194529,4.70310096,41.39876194,37.84790753,32.2096842,2.4906739,37.73675431,39.95044485,19.0035913,17.14280435,39.95552492,34.68104092,7.18545176,19.02772898,-27.55874477,34.97213325,40.85838288,26.7966301,39.18894902,31.47328439,39.94824807,26.19984508,25.90811721,39.80361975,22.12536228,24.4200788,30.57294971,39.80246588,36.08785531,-5.49944232,28.79492476,23.44968428,13.39614164,6.58757485,21.33190933,39.96048867,13.53415055,14.72971746,9.2960291,14.34714027,18.65107978,40.17327402,-8.69062325,30.86454512,39.84456276,41.42498855,18:00:00,2390.60062
-13.94144401,40.19026201,16.34649695,5.8637393,-5.92705396,-4.07476281,39.71125061,39.95495496,38.17982807,36.04849497,39.87175075,15.87215489,37.3576589,22.51304757,6.58509476,20.07834651,5.65518276,36.79054257,29.34692496,38.28213157,38.39437902,9.88027608,39.4571041,34.7320439,5.88915247,38.50210414,33.34458289,26.63099393,8.0577779,38.77692758,29.26099114,30.54305469,39.74428537,12.26932222,39.95495496,39.03748137,10.63686109,9.10921334,17.69312124,39.19537827,39.74171604,35.71353513,39.08068403,38.6890341,39.57531625,37.59533722,39.28362602,39.97182006,37.9969697,-36.51074657,34.42874438,-4.35378197,41.4249836,40.85056854,24.07249529,12.77814575,40.02587984,37.87013233,32.2286594,4.52679361,37.76977079,39.95247669,19.72532431,18.52825395,40.14861462,35.4667862,5.80525456,19.15624698,-26.746878,35.32224457,40.95918832,30.10201721,39.39514354,32.19516333,39.95055183,24.62969372,25.91893989,39.81045371,5.10725117,24.415727,30.97550624,39.81021728,36.09004891,-10.17253237,21.5628358,7.74293081,13.37275825,7.45906605,18.57945061,39.96324851,12.71389649,17.8610372,11.2966539,14.77903667,21.5885889,40.17323122,1.93142438,30.87033388,39.87175075,41.42497607,18:30:00,2526.311204
-0.69624717,40.19057529,13.77035855,5.21298665,-5.75911313,-4.87702521,39.95891701,-40,38.18199891,36.83503973,39.84146432,12.27113649,37.35679146,22.52559709,35.16133458,23.19921397,4.86501584,6.2367741,37.16926958,38.52002237,38.5881225,9.88158776,39.4374918,34.73332082,5.97185503,38.54484134,33.35755721,26.63143153,8.05896962,38.8169041,31.03198108,22.91619772,39.74293345,6.96216759,-40,39.02058851,19.56852235,11.8188371,17.64011321,39.24621867,39.76011256,35.72052673,39.08441683,38.6923885,39.58198693,37.52776474,39.1801216,-39.9831349,37.97888939,-35.36774657,34.54555598,-4.20984597,41.42497176,14.06002538,24.09198769,7.45043365,39.96966221,37.84814313,32.2467914,-23.70192232,37.74333319,39.95410605,2.07131701,17.40567355,40.27815749,38.24767372,32.79009445,19.27800378,-15.26572126,35.65026725,40.84299768,34.69361321,39.27465394,35.1773065,39.95279339,24.97369988,25.92643053,39.81576447,34.39944881,24.41944484,30.9738122,40.46889088,36.09209203,-13.64654415,23.98996382,-0.32954372,13.78081905,8.28073725,17.82043611,39.97523779,12.92132795,14.85887441,10.51338744,14.77203467,16.28680066,40.17325054,-33.30997602,30.8758106,39.84146432,41.42496415,19:00:00,2251.227779
-14.21693768,40.86178618,15.87637258,8.6373715,-4.73084766,-5.11781292,39.66526481,-40,38.18407967,37.11084285,39.8534858,11.69042969,37.35927454,24.23588194,10.46184314,13.9686391,8.06590427,9.2775616,35.98253458,39.66344448,39.1077005,9.88290168,39.45142524,34.73455182,6.05024111,38.58355706,33.40416961,26.63315173,8.0601001,39.19940478,29.52563628,36.57207063,39.74222013,4.88543517,-40,38.67027587,29.70334195,9.34110973,22.89781916,39.29429907,39.77551748,35.74411113,39.08802535,38.7270141,39.58819825,37.53080374,39.14975538,39.97413006,38.10618759,-37.898029,34.65630158,-4.07339357,41.42497712,32.21206859,24.11039477,5.71842928,39.89509828,37.84991041,32.2759974,-19.209683,37.74635575,39.95801989,0.66991978,17.32377515,40.27761853,36.79316812,38.88701936,19.39326298,-21.47726527,35.92171273,40.19169145,39.25273721,39.30474834,37.45440439,39.95487139,25.28613988,25.93486585,39.82193679,10.01557019,24.4237764,30.95453404,40.46829696,36.09404427,-16.56581294,18.23023871,-6.61943951,14.75534478,4.95274165,23.07898479,39.99871779,11.80812332,19.84775576,7.98390958,15.04051667,14.60702409,40.05128242,-24.07719057,30.8809998,39.8534858,41.42496843,19:30:00,2317.1172
-18.66015599,40.18067001,16.44946557,7.50835824,-5.50684766,-4.90672001,39.68294937,-40,38.18600571,36.05449181,39.86102104,14.85154164,37.36189086,22.27354701,6.21439613,33.30539004,7.53928441,4.83665903,33.42017613,37.86420025,38.9957061,9.88401848,39.32952504,34.73572046,6.15290167,38.55251043,33.38141913,26.63643165,8.0611739,38.88987054,26.14497834,41.11592675,39.74321917,34.18990062,-40,38.76005475,38.93608835,9.59475745,18.30435349,39.36723707,39.78850996,35.76650713,39.09125851,38.7294821,39.59396549,37.62659674,39.17122438,39.97519842,37.92048415,-34.44713409,34.76144158,-3.94385557,41.42494972,5.71293907,24.12786181,5.75897425,39.90042948,37.85179625,32.2804718,-3.4482376,37.75261239,39.95733373,-4.30098775,17.04897306,40.27604305,36.78192972,8.5455873,19.71580378,-24.02127073,35.91074245,40.19127805,6.88884841,39.3330759,35.90482186,39.95927619,25.57134108,25.84803069,39.82674247,6.76514789,24.42631712,30.99904411,40.46811976,36.09589667,-8.72862948,17.52049,-12.87017515,14.51402806,5.02381513,24.9833832,39.97033523,12.81060992,20.22249239,10.05249504,15.15360867,15.81099134,40.0514423,-20.07742725,30.8859236,39.86102104,41.42494219,20:00:00,2281.489034
-22.50390021,40.84791462,14.97262775,5.4068961,-21.43764766,-5.71411721,39.69816221,-40,38.18788447,35.73812804,39.96187933,10.47321649,37.36386646,22.31506669,39.17645656,8.52998106,5.196025,30.93492592,24.39076437,38.05610709,39.11520942,9.8851436,39.21142488,34.73683134,6.19459319,38.51812894,33.39263361,26.63954981,8.06219518,38.92086594,25.35177051,29.24203695,39.74417137,33.75069979,-40,39.02980423,4.80309955,14.53266226,18.84372194,39.38303027,39.79985004,35.78775153,39.09440115,38.70165862,39.60104465,37.88819674,39.1848531,-39.9831349,37.97221255,-33.68469409,34.86139158,-3.82071957,41.42493956,40.70192129,24.14444085,38.62149878,39.90501908,37.85358677,32.29458768,-12.3134673,37.75193871,39.95880817,-13.01298219,18.47355475,40.16365222,37.02165952,5.38577216,19.60687898,-27.79561996,35.88364121,40.19215105,4.75346521,39.35470586,33.00758235,39.95835307,25.83223548,25.85553549,39.83117847,5.66425517,24.42949936,31.45954575,40.47063056,36.09765667,-13.49585052,25.05795207,-19.82314206,15.3614582,5.09358005,27.28294531,39.97248619,14.86734197,21.0115396,10.89399072,15.33015027,15.88142258,40.05156998,-14.5829502,30.89060184,39.96187933,41.42493195,20:30:00,2204.511153
-26.92385137,39.95249546,20.07932339,38.78057058,6.20235234,-5.32358681,39.71136845,39.991748,38.18963447,37.37290804,40.38548478,9.87784329,37.36598882,22.28964289,24.86268465,39.96504196,36.37596798,9.50614588,8.80528368,38.20960585,39.5374325,9.88621572,39.22657116,34.7381479,6.26119823,40.71293878,33.40286721,26.64251777,8.0631677,38.94889654,29.37940509,14.76386315,39.74505205,5.19880303,39.991748,38.86250239,5.94314035,9.48100157,21.87284293,39.42405427,39.84812484,35.80797953,39.09737895,38.70443178,39.60435585,37.59444074,39.0826888,-39.9831349,38.01921247,-33.09527564,34.97306438,-4.01188557,41.4249298,40.48643244,24.16019797,5.80187217,39.87768109,37.85681753,32.3092666,10.70771028,37.75452143,39.96020789,30.78906308,17.84713465,39.85863084,37.48833292,7.20551576,19.70596898,-21.42502269,36.90426761,40.19303125,5.09615881,39.36747146,34.80199753,39.96003379,26.43129868,26.10269069,39.83525127,26.80103462,24.43253,31.76742396,40.46589456,36.10276331,-25.04389425,18.62595781,-25.63434467,14.64361513,5.15932605,25.94509586,39.97426079,13.53740041,12.62178418,11.0444454,15.49813707,17.31783738,40.0516701,-21.85595498,30.89505568,40.38548478,41.42492227,21:00:00,2428.062307
-34.21098539,39.9540173,10.52279098,27.45240309,24.64235234,-5.44648481,39.72293937,-40,38.19305727,37.63495526,40.86410575,9.97329489,35.9044508,22.29711877,19.58093296,7.70099455,24.983993,9.06170895,8.68981701,38.33516157,39.2765489,9.88814968,39.77262821,34.7388991,6.35377167,38.77224414,33.47396241,26.64536353,8.0640949,38.91114801,29.37040029,5.58685518,39.74504817,7.74576211,-40,38.89827915,7.45008675,9.61064523,15.9305289,39.46306867,39.81749196,35.46724633,39.11348255,38.7070677,39.60904625,35.85175704,39.06130198,39.9895851,38.36444519,-32.64375564,35.04978438,-4.06880477,41.42493672,36.01370751,24.17519277,5.30495748,39.90996956,37.85690925,32.3226162,14.75415338,37.75818599,39.96151581,9.74671026,18.41219819,39.91845586,37.43172332,7.43983296,19.30213978,-37.12788476,38.55045521,40.19373145,5.42462853,39.36351074,37.63208644,39.96157479,26.19331412,25.79791549,37.15510087,17.43675917,24.43541556,31.81316108,39.8777861,37.7131266,-21.03129574,23.99111666,-31.33772751,15.09492481,5.22199785,23.37887303,39.97602967,13.61123168,15.48244795,7.76977122,15.65816627,15.23642086,40.05174658,-25.12316228,30.89929156,40.86410575,41.42492843,21:30:00,2227.19551
0.54592038,39.85673848,11.98885615,33.40092351,8.01635234,-1.40942228,39.76763861,39.98132,38.19288419,35.88566294,40.05570882,9.67185889,37.28590622,22.30424861,23.29371584,46.32261078,31.03356684,6.90237464,6.19308857,38.76810517,39.33348538,9.88821332,39.03428344,34.73985738,6.33858527,38.48864094,33.59059761,26.64804477,8.06497986,38.93309601,28.67395175,12.98800183,39.74269445,4.86857316,39.98132,38.92212323,8.48398435,11.49385486,17.06803012,39.83923307,39.82708084,35.48561953,39.10430175,38.70957222,39.61346705,37.32076802,39.08438958,-39.9831349,38.10139383,-36.48915564,34.38135238,-3.95115717,41.42491176,45.58246263,24.18947929,5.92628183,39.88050789,37.70638917,32.230659,15.87443791,37.75931899,39.96278589,-37.94154621,18.06357131,39.98820898,37.55293212,7.92309576,19.39385298,-6.7864863,39.74147481,39.99343765,5.95716041,39.27501299,38.20862007,39.96304895,25.92459172,25.86695469,37.20310407,23.4376089,24.43817008,31.9151322,39.8474177,35.85490531,4.81267783,21.85251325,1.36722355,15.70634678,5.25305445,22.57462475,39.97768535,19.86887924,13.29472498,10.52550544,15.81079107,14.3557388,40.05180282,-28.39611731,30.90333404,40.05570882,41.42490411,22:00:00,2442.181008
-1.08389809,39.85422676,10.09943304,17.04411702,8.1862921,-38.48552481,39.74222565,-40,38.19440767,34.92123238,40.06452362,9.37777489,39.55031576,22.31105585,6.50639708,30.31339659,14.74869908,6.72336219,6.00757696,38.52814077,39.38021754,9.8891454,39.21119424,34.74077534,6.38054831,38.73039403,33.65850201,26.65062213,8.06582542,38.89659502,32.72240962,-38.26429263,39.74350897,38.42845079,-40,39.17892491,8.59315795,11.43062403,15.2679864,39.88863307,39.83125044,35.45859837,39.10543575,38.71195882,39.63786265,37.32366918,39.09057662,40.0067611,38.13752227,-35.88979564,34.44193638,-3.91478157,41.4249032,38.81343436,24.20330889,5.00058096,39.90217453,37.70824853,32.243227,13.47925164,37.76155087,39.96416709,47.39714924,17.667664,40.06711583,37.62388847,7.89644376,19.73350378,-31.1788293,39.5392726,40.19910045,6.01418173,39.28882331,32.84233114,39.96581779,25.93929464,25.62035429,37.33982487,6.95149567,24.4408072,32.01193316,39.84969662,35.85314535,0.44425842,19.65223518,-1.4908715,15.74870819,5.25341129,34.15307585,39.97924019,12.74024082,14.72644179,7.6554079,15.95651307,18.00619694,39.99158243,-31.94122668,30.90719312,40.06452362,41.42489883,22:30:00,2265.973663
